<?xml version="1.0" encoding="UTF-8"?>
<!DOCTYPE mapper
  PUBLIC "-//mybatis.org//DTD Mapper 3.0//EN"
  "http://mybatis.org/dtd/mybatis-3-mapper.dtd">
<mapper namespace="team.mapper.UserMapper">

	<!-- 로그인 -->
	<select id="userLogin" resultType="team.domain.UserDTO">
		select u_id, u_name, u_email 
		from users 
		where u_id = #{u_id} and u_pw = #{u_pw}
	</select>

	<!-- 회원가입 -->
	<insert id="userRegister">
		insert into Users values(#{u_id}, #{u_name}, #{u_email}, #{u_pw}, sysdate)
	</insert>

	<!-- 회원수정 -->
	<update id="userUpdate">
		update users 
		set u_pw = #{u_pw}, u_name=#{u_name}, u_email=#{u_email} 
		where u_id = #{u_id}
	</update>

	<!-- 회원삭제 -->
	<delete id="userDelete">
		delete from users where u_id = #{u_id}
	</delete>

	<!-- 아이디 중복 체크 -->
	<select id="useridCheck" resultType="int">
		select count(*) from users where u_id = #{u_id}
	</select>


</mapper>